landmarks,etiqueta
"[(0.4999484121799469, 0.3775416612625122, -0.5768815279006958), (0.5279962420463562, 0.32684993743896484, -0.5310959815979004), (0.5447542667388916, 0.3266316056251526, -0.5309476852416992), (0.5594891309738159, 0.3265033960342407, -0.5303730964660645), (0.481295645236969, 0.32989147305488586, -0.5255959033966064), (0.46841320395469666, 0.3318484127521515, -0.5252112746238708), (0.458068311214447, 0.33365869522094727, -0.525862991809845), (0.5835009813308716, 0.34984228014945984, -0.24163171648979187), (0.45174598693847656, 0.3635140061378479, -0.20315547287464142), (0.5368081331253052, 0.42823636531829834, -0.46798425912857056), (0.4770015776157379, 0.43136006593704224, -0.45708292722702026), (0.7104975581169128, 0.6134164333343506, -0.0719175785779953), (0.36357468366622925, 0.6269000172615051, -0.16268771886825562), (0.7572335004806519, 0.9206454157829285, -0.4504716992378235), (0.31424680352211, 0.9734131097793579, -0.5275096893310547), (0.5906200408935547, 0.7373985052108765, -0.9448630213737488), (0.6028211712837219, 0.8573645353317261, -0.9439163208007812), (0.560453474521637, 0.6933993101119995, -1.0488618612289429), (0.6832671761512756, 0.8710567951202393, -1.0388495922088623), (0.5665242671966553, 0.6440273523330688, -0.9830811619758606), (0.6913158893585205, 0.7923141717910767, -0.9584455490112305), (0.5638463497161865, 0.6691485047340393, -0.9337946176528931), (0.6589553356170654, 0.7860651016235352, -0.9155915379524231), (0.655029296875, 1.2631841897964478, -5.710592176910723e-06), (0.3972301483154297, 1.2594572305679321, 0.0041426983661949635), (0.6419575810432434, 1.7589083909988403, -0.04992150515317917), (0.39585888385772705, 1.7508262395858765, -0.06358987092971802), (0.6463919878005981, 2.2020182609558105, 0.3196731507778168), (0.41199785470962524, 2.192152976989746, 0.12079496681690216), (0.6568110585212708, 2.268967390060425, 0.32836946845054626), (0.40594786405563354, 2.255941867828369, 0.12258964776992798), (0.6102607846260071, 2.348297595977783, -0.1418824940919876), (0.4534579813480377, 2.34161376953125, -0.3632432818412781)]",Nervioso
"[(0.5522323846817017, 0.4157012104988098, -0.6547484397888184), (0.5735341310501099, 0.3569090664386749, -0.6142237782478333), (0.5880586504936218, 0.35675349831581116, -0.6139003038406372), (0.6014005541801453, 0.3572391867637634, -0.6134215593338013), (0.5230246782302856, 0.36109575629234314, -0.6132610440254211), (0.5060030221939087, 0.3631818890571594, -0.6127387285232544), (0.49067774415016174, 0.3649885356426239, -0.6131353974342346), (0.6240211725234985, 0.3830682635307312, -0.3279426693916321), (0.47593918442726135, 0.39215242862701416, -0.3179343640804291), (0.586505115032196, 0.4686342775821686, -0.5481964945793152), (0.5246385931968689, 0.47251173853874207, -0.5460589528083801), (0.748925507068634, 0.6998823881149292, -0.20098426938056946), (0.3636159598827362, 0.6905873417854309, -0.17819996178150177), (0.8223129510879517, 0.9520168900489807, -0.6004036068916321), (0.23572418093681335, 1.0034096240997314, -0.18738378584384918), (0.6979906558990479, 0.6669580340385437, -1.0526701211929321), (0.20004720985889435, 1.3870149850845337, -0.47135481238365173), (0.7047947645187378, 0.5404866933822632, -1.1525013446807861), (0.17223495244979858, 1.4897161722183228, -0.516642153263092), (0.6976112127304077, 0.5321498513221741, -1.0490267276763916), (0.20662668347358704, 1.482373595237732, -0.5927784442901611), (0.6836127042770386, 0.5797407031059265, -1.0332428216934204), (0.2258724421262741, 1.45045006275177, -0.5141757130622864), (0.6704749464988708, 1.4367595911026, -0.04896042123436928), (0.41141796112060547, 1.4413655996322632, 0.0527937114238739), (0.6656988263130188, 2.0332725048065186, -0.057927049696445465), (0.4210832118988037, 2.0325663089752197, 0.0531812384724617), (0.670473039150238, 2.5644662380218506, 0.4048836827278137), (0.43623265624046326, 2.556858539581299, 0.3617226481437683), (0.6752408146858215, 2.646387815475464, 0.4244600236415863), (0.42595428228378296, 2.639897108078003, 0.38093799352645874), (0.6482146978378296, 2.7311253547668457, -0.05685696750879288), (0.4945407509803772, 2.715928316116333, -0.14860519766807556)]",Nervioso
"[(0.5491573810577393, 0.45373257994651794, -0.7044578790664673), (0.5580777525901794, 0.39046141505241394, -0.6674941778182983), (0.5678379535675049, 0.385179340839386, -0.6671016216278076), (0.5762828588485718, 0.38085854053497314, -0.6666878461837769), (0.5209774374961853, 0.4060325026512146, -0.66905677318573), (0.5054863691329956, 0.41083425283432007, -0.6684156060218811), (0.49016445875167847, 0.41539448499679565, -0.6688371896743774), (0.5838919878005981, 0.39658498764038086, -0.3615576922893524), (0.4670233130455017, 0.4276904761791229, -0.3658290207386017), (0.5772525072097778, 0.4929353594779968, -0.5832891464233398), (0.5309141278266907, 0.5109760761260986, -0.5853925347328186), (0.7149084806442261, 0.6500799059867859, -0.1764792948961258), (0.36925166845321655, 0.6672188639640808, -0.20364661514759064), (0.7887932062149048, 0.9471286535263062, -0.3586059808731079), (0.24197784066200256, 0.9912864565849304, -0.16643790900707245), (0.6515166163444519, 0.564092218875885, -0.5556340217590332), (0.2318831980228424, 1.379589319229126, -0.41293787956237793), (0.6286985278129578, 0.4649438261985779, -0.6179715394973755), (0.202846497297287, 1.4904906749725342, -0.4610227942466736), (0.6259897947311401, 0.4524582624435425, -0.5250586271286011), (0.23492488265037537, 1.490461826324463, -0.5317828059196472), (0.6267105937004089, 0.4829680323600769, -0.5308626890182495), (0.2547842562198639, 1.4524624347686768, -0.4548237919807434), (0.6531147360801697, 1.3713878393173218, -0.022240854799747467), (0.4036564230918884, 1.3801734447479248, 0.026506196707487106), (0.6602557897567749, 1.9687796831130981, 0.03800896927714348), (0.4256191849708557, 1.9678962230682373, 0.007129646837711334), (0.6734053492546082, 2.492022752761841, 0.508944571018219), (0.44681158661842346, 2.4987571239471436, 0.29609718918800354), (0.6793659925460815, 2.565830945968628, 0.5308023691177368), (0.437551349401474, 2.578641653060913, 0.3127005100250244), (0.6494876146316528, 2.6565358638763428, 0.06360237300395966), (0.5071250796318054, 2.6514804363250732, -0.20029442012310028)]",Nervioso
"[(0.45608559250831604, 0.4242804944515228, -0.3456956744194031), (0.4866122603416443, 0.38916128873825073, -0.31085968017578125), (0.49912014603614807, 0.39213836193084717, -0.31072869896888733), (0.5103553533554077, 0.3951840102672577, -0.31040284037590027), (0.4451485276222229, 0.3808525502681732, -0.3039557635784149), (0.4315721392631531, 0.37788429856300354, -0.3037310838699341), (0.4195615351200104, 0.3750964403152466, -0.3042605221271515), (0.523123562335968, 0.4155314266681671, -0.06575767695903778), (0.40652093291282654, 0.38822075724601746, -0.029909852892160416), (0.4771922528743744, 0.4663015902042389, -0.25448593497276306), (0.42984622716903687, 0.4610810875892639, -0.2449951171875), (0.6010547876358032, 0.5950981378555298, 0.02428510971367359), (0.3276140093803406, 0.6044272184371948, 0.02547506056725979), (0.6731737852096558, 0.8690081834793091, -0.38563355803489685), (0.2544150948524475, 0.8534848093986511, -0.40350961685180664), (0.5539984107017517, 0.5714623928070068, -0.7858439683914185), (0.3946534991264343, 0.6167029738426208, -0.868984580039978), (0.5446387529373169, 0.4854529798030853, -0.8659855723381042), (0.42233046889305115, 0.5235023498535156, -0.9635988473892212), (0.5513526797294617, 0.4655449092388153, -0.796198308467865), (0.421663761138916, 0.49920499324798584, -0.8976230621337891), (0.5499579906463623, 0.5041665434837341, -0.7720271348953247), (0.4165731966495514, 0.5370395183563232, -0.8595331907272339), (0.5812148451805115, 1.168194055557251, -0.0021501777227967978), (0.3655209541320801, 1.1683809757232666, 0.00519857183098793), (0.5785483121871948, 1.6234784126281738, -0.06555279344320297), (0.37313562631607056, 1.6172703504562378, -0.05454422906041145), (0.5761910676956177, 2.036452531814575, 0.1858835518360138), (0.3747555613517761, 2.035179615020752, 0.054110340774059296), (0.5814514756202698, 2.088355541229248, 0.1894189864397049), (0.3668115437030792, 2.0902650356292725, 0.05313500016927719), (0.5500184297561646, 2.1710445880889893, -0.1895216405391693), (0.40380945801734924, 2.165977954864502, -0.34969907999038696)]",avergonzado
"[(0.45210838317871094, 0.42209693789482117, -0.35758092999458313), (0.479116827249527, 0.3833833932876587, -0.32731661200523376), (0.49140995740890503, 0.3848956227302551, -0.3271186053752899), (0.5026336312294006, 0.3864815831184387, -0.3268093764781952), (0.438744455575943, 0.3808029294013977, -0.31688192486763), (0.42583125829696655, 0.3804072141647339, -0.31665173172950745), (0.41422075033187866, 0.3799392282962799, -0.317108690738678), (0.5171712040901184, 0.4069776237010956, -0.09606226533651352), (0.40168851613998413, 0.39491206407546997, -0.0445566326379776), (0.47691646218299866, 0.4627138376235962, -0.27108195424079895), (0.42988061904907227, 0.46175405383110046, -0.25721824169158936), (0.5962537527084351, 0.5852066278457642, -0.012940120883286), (0.3305194675922394, 0.6027084589004517, 0.026006435975432396), (0.6589301824569702, 0.8541547656059265, -0.4110634922981262), (0.2523953914642334, 0.8465537428855896, -0.41832059621810913), (0.5460699796676636, 0.5589087605476379, -0.7754809260368347), (0.39297807216644287, 0.6133657097816467, -0.9078153371810913), (0.5364173054695129, 0.47274234890937805, -0.8499808311462402), (0.4143353998661041, 0.5265031456947327, -1.002766728401184), (0.5413532853126526, 0.45705264806747437, -0.7815700769424438), (0.4181508421897888, 0.5027881860733032, -0.9329059720039368), (0.5410305261611938, 0.492188423871994, -0.7604779601097107), (0.41343021392822266, 0.5390121340751648, -0.897545337677002), (0.5835602283477783, 1.1504881381988525, -0.01300348062068224), (0.3727334141731262, 1.1527765989303589, 0.01618899591267109), (0.5829445719718933, 1.5898915529251099, -0.05502289533615112), (0.38184016942977905, 1.5876308679580688, -0.026439541950821877), (0.5846595764160156, 1.9926726818084717, 0.19284673035144806), (0.3890255093574524, 1.9941210746765137, 0.09739599376916885), (0.5908750891685486, 2.042724370956421, 0.19605004787445068), (0.38289129734039307, 2.0473313331604004, 0.09890900552272797), (0.5582932233810425, 2.1270968914031982, -0.1756877452135086), (0.4193202555179596, 2.1244821548461914, -0.29739993810653687)]",avergonzado
"[(0.5498565435409546, 0.42907652258872986, -0.3674069344997406), (0.5404988527297974, 0.39387744665145874, -0.3456485867500305), (0.5421233773231506, 0.39519327878952026, -0.3453800082206726), (0.5437641739845276, 0.3967069089412689, -0.34494704008102417), (0.5265606641769409, 0.38947826623916626, -0.3431468605995178), (0.5162902474403381, 0.3869885206222534, -0.3427324891090393), (0.5047646760940552, 0.3851776421070099, -0.34323516488075256), (0.5304628610610962, 0.41474756598472595, -0.18235033750534058), (0.4588918685913086, 0.40882739424705505, -0.1753179430961609), (0.5491520166397095, 0.4719126522541046, -0.30644214153289795), (0.5254417061805725, 0.4700373709201813, -0.3056548833847046), (0.6375489234924316, 0.6437426209449768, -0.18560877442359924), (0.3434531092643738, 0.6584557294845581, -0.06349952518939972), (0.6224870681762695, 0.90944504737854, -0.4060479700565338), (0.304074764251709, 0.9629877805709839, -0.0717555359005928), (0.5239435434341431, 0.5668647289276123, -0.6000124216079712), (0.2813427448272705, 1.2191482782363892, -0.3094087243080139), (0.5084558129310608, 0.48602190613746643, -0.658974826335907), (0.26440635323524475, 1.3098946809768677, -0.33927252888679504), (0.5202533006668091, 0.46951955556869507, -0.5871750116348267), (0.27957993745803833, 1.2960106134414673, -0.39690473675727844), (0.5269525647163391, 0.498266339302063, -0.5788009166717529), (0.29101207852363586, 1.2632039785385132, -0.3440425992012024), (0.5821157097816467, 1.2446739673614502, -0.052013836801052094), (0.3797110319137573, 1.2525039911270142, 0.054962724447250366), (0.5878373980522156, 1.7177084684371948, -0.010757665149867535), (0.4054034650325775, 1.7215009927749634, 0.061597030609846115), (0.5983177423477173, 2.1344456672668457, 0.3741668164730072), (0.41767334938049316, 2.13339900970459, 0.3428456485271454), (0.6024342179298401, 2.1887667179107666, 0.3928040564060211), (0.4104169011116028, 2.1891746520996094, 0.36131536960601807), (0.5804884433746338, 2.271446704864502, 0.0245649591088295), (0.45714259147644043, 2.261284828186035, -0.040534067898988724)]",avergonzado
"[(0.5086773633956909, 0.6058679223060608, -0.7119631171226501), (0.5214077234268188, 0.5714170932769775, -0.7021549940109253), (0.530055820941925, 0.5705020427703857, -0.7019590139389038), (0.5379527807235718, 0.5693762898445129, -0.7020334005355835), (0.49254655838012695, 0.5701701045036316, -0.7009554505348206), (0.48331156373023987, 0.5686906576156616, -0.7007616758346558), (0.4748619496822357, 0.567540168762207, -0.7008444666862488), (0.5495485663414001, 0.5663329362869263, -0.497958242893219), (0.46628984808921814, 0.5643314719200134, -0.48155537247657776), (0.5248082876205444, 0.6315475702285767, -0.6251765489578247), (0.49326539039611816, 0.633442223072052, -0.6198277473449707), (0.6245825290679932, 0.696045994758606, -0.3183481693267822), (0.4059048593044281, 0.709227442741394, -0.3179042339324951), (0.6474865078926086, 0.9001778960227966, -0.2295323610305786), (0.3908408284187317, 0.9243032336235046, -0.22061796486377716), (0.6172109842300415, 1.0705103874206543, -0.3937305808067322), (0.41077670454978943, 1.119047999382019, -0.408997118473053), (0.6237932443618774, 1.1309669017791748, -0.45579713582992554), (0.40498867630958557, 1.1814440488815308, -0.4685851037502289), (0.6039772033691406, 1.1267935037612915, -0.4955372214317322), (0.42093124985694885, 1.1725444793701172, -0.525483250617981), (0.5977120995521545, 1.1020113229751587, -0.4172658324241638), (0.4271572530269623, 1.1476037502288818, -0.4368375837802887), (0.5893166065216064, 1.0945987701416016, -0.03406236693263054), (0.44536668062210083, 1.0958002805709839, 0.036045271903276443), (0.5875871181488037, 1.4183789491653442, 0.08776628971099854), (0.4523651599884033, 1.420427918434143, 0.1882929652929306), (0.5863646268844604, 1.7053803205490112, 0.5009291172027588), (0.45900383591651917, 1.7103664875030518, 0.5443764925003052), (0.589948832988739, 1.746214747428894, 0.5281902551651001), (0.45800143480300903, 1.7524170875549316, 0.5719917416572571), (0.5623596906661987, 1.8091187477111816, 0.22537000477313995), (0.4784472584724426, 1.812240481376648, 0.2234935313463211)]",decaido
"[(0.4880691468715668, 0.6589875817298889, -0.7823771238327026), (0.5027396082878113, 0.620721161365509, -0.7856185436248779), (0.5123873353004456, 0.6191279888153076, -0.7853342294692993), (0.5206373333930969, 0.6173349022865295, -0.785409688949585), (0.4703393876552582, 0.6228053569793701, -0.7796458005905151), (0.46044301986694336, 0.6222396492958069, -0.7795308828353882), (0.4528021812438965, 0.6215060949325562, -0.7796448469161987), (0.5336150527000427, 0.610481321811676, -0.630523145198822), (0.4469425082206726, 0.6160196661949158, -0.5947471261024475), (0.5052124261856079, 0.6837479472160339, -0.7115955948829651), (0.4730304181575775, 0.6878098249435425, -0.7011592388153076), (0.612320065498352, 0.7295706868171692, -0.4764672815799713), (0.3900166451931, 0.7452183961868286, -0.41076773405075073), (0.5915424227714539, 0.9420321583747864, -0.41911306977272034), (0.41311684250831604, 0.950937807559967, -0.304773211479187), (0.5046660900115967, 1.0504047870635986, -0.45420780777931213), (0.44345736503601074, 1.142215609550476, -0.4197036623954773), (0.4896560311317444, 1.0871294736862183, -0.4878910183906555), (0.43977922201156616, 1.2075303792953491, -0.45110589265823364), (0.48035016655921936, 1.0727657079696655, -0.48533886671066284), (0.4519166350364685, 1.1960704326629639, -0.48873370885849), (0.48089808225631714, 1.0581990480422974, -0.4550403952598572), (0.4559110701084137, 1.1688218116760254, -0.4386902451515198), (0.5808397531509399, 1.0876184701919556, -0.0521373525261879), (0.4445933401584625, 1.0926340818405151, 0.05396740883588791), (0.5881360173225403, 1.408569574356079, 0.0035027165431529284), (0.4678552746772766, 1.412838339805603, 0.11451724916696548), (0.5920007228851318, 1.6784191131591797, 0.303363561630249), (0.4747895300388336, 1.6875057220458984, 0.31430649757385254), (0.5988078713417053, 1.7139966487884521, 0.31848666071891785), (0.4737114906311035, 1.725358247756958, 0.3257462978363037), (0.5651569366455078, 1.7868692874908447, 0.04726622253656387), (0.4874119162559509, 1.794519305229187, 0.019915074110031128)]",decaido
"[(0.5465661287307739, 0.5090890526771545, -0.2821847200393677), (0.5506354570388794, 0.48689132928848267, -0.25752002000808716), (0.5548959374427795, 0.4881359338760376, -0.2572842538356781), (0.5590950846672058, 0.489378422498703, -0.2570842504501343), (0.5341450572013855, 0.4837099611759186, -0.26875990629196167), (0.5265558362007141, 0.48272839188575745, -0.2686324715614319), (0.5183253884315491, 0.48188531398773193, -0.26898112893104553), (0.5555977821350098, 0.5022783875465393, -0.10503127425909042), (0.4974571168422699, 0.4958132803440094, -0.16132038831710815), (0.5511614084243774, 0.5421598553657532, -0.225021630525589), (0.5308208465576172, 0.5385503172874451, -0.24194779992103577), (0.6077784299850464, 0.6375411152839661, -0.06473985314369202), (0.4183255136013031, 0.6511313915252686, -0.06547026336193085), (0.627134382724762, 0.7764489650726318, -0.1575741469860077), (0.37927037477493286, 0.8483123779296875, -0.10445735603570938), (0.5961082577705383, 0.5747258067131042, -0.29124215245246887), (0.4150947034358978, 0.9772949814796448, -0.249825119972229), (0.6086742877960205, 0.5044047236442566, -0.32203420996665955), (0.4168548583984375, 1.0268045663833618, -0.26215311884880066), (0.5924153923988342, 0.5075618624687195, -0.2836005389690399), (0.4422277808189392, 1.009796380996704, -0.28236785531044006), (0.589591920375824, 0.5261581540107727, -0.2820022702217102), (0.447892427444458, 0.991411030292511, -0.2600422203540802), (0.6000376343727112, 0.9921820759773254, -0.02325175516307354), (0.47047191858291626, 1.0248379707336426, 0.024834265932440758), (0.6087205410003662, 1.321172833442688, 0.05339425802230835), (0.4778664708137512, 1.3306158781051636, 0.06910504400730133), (0.6169757843017578, 1.5875617265701294, 0.34159690141677856), (0.49329304695129395, 1.5879709720611572, 0.28962114453315735), (0.6183379888534546, 1.6202069520950317, 0.3597300350666046), (0.4899868369102478, 1.6205869913101196, 0.30842334032058716), (0.6093324422836304, 1.6824678182601929, 0.14226090908050537), (0.5252821445465088, 1.6744263172149658, 0.05391082167625427)]",decaido
"[(0.5106124877929688, 0.5158208608627319, -0.24952499568462372), (0.5198721289634705, 0.5021699070930481, -0.2163274586200714), (0.5267660617828369, 0.505145788192749, -0.21635839343070984), (0.5339441895484924, 0.5086809992790222, -0.21637186408042908), (0.49871826171875, 0.4974623918533325, -0.22563889622688293), (0.49084553122520447, 0.49801522493362427, -0.22559595108032227), (0.48261338472366333, 0.49953317642211914, -0.2260342836380005), (0.5402100086212158, 0.5295296311378479, -0.052929092198610306), (0.4688924252986908, 0.5268700122833252, -0.09197570383548737), (0.5225006937980652, 0.5475209355354309, -0.19094252586364746), (0.4956161379814148, 0.5442253351211548, -0.20270104706287384), (0.598349928855896, 0.6783193349838257, -0.019259506836533546), (0.40542882680892944, 0.6903202533721924, -0.07045085728168488), (0.6355389356613159, 0.8787151575088501, -0.08103499561548233), (0.38301992416381836, 0.9023723006248474, -0.16563282907009125), (0.559330403804779, 0.9411858320236206, -0.30478671193122864), (0.4931935667991638, 0.9449498653411865, -0.38872870802879333), (0.5440669655799866, 0.9845989346504211, -0.37096065282821655), (0.5243750214576721, 0.9663947224617004, -0.4493406414985657), (0.5258092284202576, 0.9732031226158142, -0.3731824457645416), (0.5405648946762085, 0.9387490749359131, -0.45884984731674194), (0.5305740833282471, 0.944964587688446, -0.3120602071285248), (0.5325543284416199, 0.9276782870292664, -0.3940591514110565), (0.6063817739486694, 0.9903212189674377, -0.0064664981327950954), (0.4659671187400818, 1.0255752801895142, 0.008028699085116386), (0.6131043434143066, 1.290527105331421, 0.032277774065732956), (0.48398175835609436, 1.3032163381576538, 0.06705746054649353), (0.6171693801879883, 1.5439047813415527, 0.25176119804382324), (0.49084335565567017, 1.555558443069458, 0.24008047580718994), (0.6220588088035583, 1.5793590545654297, 0.26148533821105957), (0.48852887749671936, 1.5927886962890625, 0.25008097290992737), (0.6015660166740417, 1.6348925828933716, 0.04561241716146469), (0.5116301774978638, 1.6413123607635498, 0.006758494768291712)]",decaido
"[(0.4510417580604553, 0.2810388505458832, -0.9743571281433105), (0.462088018655777, 0.22137995064258575, -0.8990065455436707), (0.47119203209877014, 0.22078341245651245, -0.8987025022506714), (0.47967880964279175, 0.22008077800273895, -0.8983560800552368), (0.4264256954193115, 0.21956348419189453, -0.9104978442192078), (0.41153231263160706, 0.21912775933742523, -0.9102305173873901), (0.3972872495651245, 0.21993136405944824, -0.9109752774238586), (0.48775601387023926, 0.24527475237846375, -0.4267547130584717), (0.380043089389801, 0.25772133469581604, -0.46919670701026917), (0.47383037209510803, 0.3320673406124115, -0.7999393343925476), (0.4268549978733063, 0.32865992188453674, -0.8106554746627808), (0.6322861909866333, 0.505568265914917, -0.1912209540605545), (0.2507527768611908, 0.597195565700531, -0.23668316006660461), (0.9371913075447083, 0.5020285248756409, -0.6773418188095093), (0.1093028336763382, 1.0095438957214355, -0.20643766224384308), (0.5830290913581848, 0.3233453631401062, -1.135272741317749), (0.04140137881040573, 1.4331862926483154, -0.4417458474636078), (0.49987664818763733, 0.27272164821624756, -1.250333547592163), (0.015737123787403107, 1.5745316743850708, -0.4830740988254547), (0.4866887629032135, 0.2739088237285614, -1.0678385496139526), (0.046667054295539856, 1.5918669700622559, -0.589941680431366), (0.5026214122772217, 0.299367219209671, -1.0786778926849365), (0.06242632865905762, 1.550728440284729, -0.49020400643348694), (0.5913435220718384, 1.427979588508606, 0.0004755717236548662), (0.3070463538169861, 1.4324408769607544, 0.0028635826893150806), (0.6109298467636108, 2.150627374649048, 0.16140861809253693), (0.3378226161003113, 2.154383420944214, 0.1324787139892578), (0.628280520439148, 2.7664618492126465, 0.8771626353263855), (0.36095720529556274, 2.792048931121826, 0.6279095411300659), (0.632867157459259, 2.8556504249572754, 0.9167302846908569), (0.34588634967803955, 2.8844423294067383, 0.657990038394928), (0.626061201095581, 2.9592909812927246, 0.3263000249862671), (0.4395468831062317, 2.9916977882385254, -0.03783031553030014)]",Llorando
"[(0.4549936354160309, 0.27763983607292175, -0.9289714097976685), (0.46466484665870667, 0.21906590461730957, -0.8531935811042786), (0.4732477068901062, 0.21817141771316528, -0.8528213500976562), (0.4812297821044922, 0.21712319552898407, -0.8523767590522766), (0.43101462721824646, 0.21803177893161774, -0.8696635961532593), (0.4164542555809021, 0.21777530014514923, -0.8693728446960449), (0.40182948112487793, 0.21880093216896057, -0.8701550364494324), (0.48584088683128357, 0.2438448816537857, -0.38728684186935425), (0.3787490725517273, 0.2584684193134308, -0.45217862725257874), (0.47468239068984985, 0.327728271484375, -0.7579423189163208), (0.42992275953292847, 0.32443946599960327, -0.7749239206314087), (0.6317096948623657, 0.506634533405304, -0.16406406462192535), (0.24741975963115692, 0.6008754372596741, -0.25854456424713135), (0.9303655624389648, 0.495231956243515, -0.6334435343742371), (0.10369249433279037, 1.0201184749603271, -0.26919347047805786), (0.5777838230133057, 0.3231659233570099, -1.0449539422988892), (0.045080747455358505, 1.4591649770736694, -0.45977821946144104), (0.4952169954776764, 0.2727164030075073, -1.1487181186676025), (0.020019719377160072, 1.6054723262786865, -0.4924167990684509), (0.48248815536499023, 0.27219635248184204, -0.9619945287704468), (0.05006096884608269, 1.6227067708969116, -0.6009848713874817), (0.4995168149471283, 0.2971853017807007, -0.9858843684196472), (0.06570394337177277, 1.580411434173584, -0.5069005489349365), (0.5917889475822449, 1.4361565113067627, 0.0288685355335474), (0.30267566442489624, 1.4453543424606323, -0.025815729051828384), (0.6135507822036743, 2.164130926132202, 0.1585296094417572), (0.3342570662498474, 2.176034450531006, 0.0886325091123581), (0.6293488144874573, 2.7881064414978027, 0.8236820101737976), (0.3588753044605255, 2.8214290142059326, 0.5273275375366211), (0.6325791478157043, 2.8779780864715576, 0.8602019548416138), (0.34039875864982605, 2.9145517349243164, 0.5509618520736694), (0.6322728395462036, 2.978423833847046, 0.28511151671409607), (0.4509970545768738, 3.016547679901123, -0.12534603476524353)]",Llorando
"[(0.4400025010108948, 0.3311123251914978, -0.7417619824409485), (0.45851850509643555, 0.2678583562374115, -0.7083021402359009), (0.47137919068336487, 0.26579469442367554, -0.7079204320907593), (0.48315301537513733, 0.2646124064922333, -0.707440972328186), (0.4155240058898926, 0.27303755283355713, -0.6938742995262146), (0.39971858263015747, 0.2739068567752838, -0.6933243870735168), (0.38539761304855347, 0.2756916880607605, -0.6936044096946716), (0.4964008331298828, 0.2808234393596649, -0.40473753213882446), (0.36128777265548706, 0.2861722409725189, -0.3432825207710266), (0.46546873450279236, 0.3747294843196869, -0.6275142431259155), (0.41236668825149536, 0.38135001063346863, -0.6093060374259949), (0.6410295367240906, 0.5163969397544861, -0.229719877243042), (0.24762165546417236, 0.5918538570404053, -0.08856338262557983), (0.7230618000030518, 0.954276442527771, -0.45300477743148804), (0.10438525676727295, 0.9874855279922485, 0.025245046243071556), (0.5225345492362976, 0.5697503685951233, -0.7267668843269348), (0.07359535992145538, 1.3890305757522583, -0.19362393021583557), (0.4834221303462982, 0.4642586410045624, -0.8155474662780762), (0.038865357637405396, 1.5201281309127808, -0.22491686046123505), (0.4889689087867737, 0.4286558926105499, -0.7052353620529175), (0.07996641099452972, 1.5126805305480957, -0.305713415145874), (0.49598783254623413, 0.46683675050735474, -0.6919324398040771), (0.10338524729013443, 1.4669747352600098, -0.23737573623657227), (0.5979124307632446, 1.362309217453003, -0.027127355337142944), (0.3060896396636963, 1.3710039854049683, 0.0313769169151783), (0.5894780158996582, 2.066859722137451, 0.012868477031588554), (0.31814658641815186, 2.070876121520996, 0.023942627012729645), (0.5910030603408813, 2.6660702228546143, 0.5734462141990662), (0.329925537109375, 2.686082124710083, 0.3442496657371521), (0.5982218384742737, 2.7484536170959473, 0.6032484173774719), (0.31919747591018677, 2.7706916332244873, 0.3612879514694214), (0.5592491030693054, 2.8518948554992676, 0.08328504115343094), (0.3886738121509552, 2.8723576068878174, -0.24476568400859833)]",Llorando
"[(0.4491974711418152, 0.31361302733421326, -0.8759374618530273), (0.4736355245113373, 0.25433361530303955, -0.8481441736221313), (0.48802003264427185, 0.252930223941803, -0.8484326601028442), (0.5017409324645996, 0.25232934951782227, -0.8486031293869019), (0.43423381447792053, 0.25547704100608826, -0.8072518110275269), (0.422934353351593, 0.2537643611431122, -0.807428240776062), (0.4113379120826721, 0.25260770320892334, -0.8076304197311401), (0.5270580053329468, 0.2729278802871704, -0.5461370944976807), (0.40891608595848083, 0.2732653319835663, -0.3716505467891693), (0.4789753556251526, 0.3712020516395569, -0.7560304999351501), (0.43012553453445435, 0.3692523241043091, -0.7075549364089966), (0.6239623427391052, 0.5725380778312683, -0.5402601957321167), (0.35573482513427734, 0.5540398955345154, 0.09304431080818176), (0.5755525827407837, 0.9573096632957458, -0.55638188123703), (0.16100092232227325, 0.7680539488792419, -0.2867683172225952), (0.5131456851959229, 1.3168463706970215, -0.5295733213424683), (0.30693355202674866, 0.530479371547699, -0.9875231981277466), (0.507048487663269, 1.4301488399505615, -0.6175335645675659), (0.3472537398338318, 0.4321964383125305, -1.0919952392578125), (0.47673559188842773, 1.4111168384552002, -0.6319094300270081), (0.3606332838535309, 0.4203658998012543, -1.0474361181259155), (0.47458887100219727, 1.3715674877166748, -0.5365883708000183), (0.35857051610946655, 0.4533556401729584, -0.9946085810661316), (0.5930839776992798, 1.3015702962875366, -0.25101396441459656), (0.4009719491004944, 1.284048080444336, 0.2530171275138855), (0.5660629272460938, 1.8470622301101685, -0.3325524926185608), (0.3801072835922241, 1.8321418762207031, 0.2844810485839844), (0.5563306212425232, 2.4143707752227783, 0.13948814570903778), (0.37926769256591797, 2.4063937664031982, 0.5116828680038452), (0.5777807831764221, 2.499049186706543, 0.15370041131973267), (0.3885483741760254, 2.49360728263855, 0.5169475674629211), (0.4882194399833679, 2.56398868560791, -0.3025314211845398), (0.32599836587905884, 2.5587081909179688, 0.03710843250155449)]",Llorando
"[(0.433898389339447, 0.32892781496047974, -0.5442013144493103), (0.4614691138267517, 0.2693684697151184, -0.5238160490989685), (0.47743791341781616, 0.26672714948654175, -0.5240464210510254), (0.492232084274292, 0.2644006311893463, -0.5245453119277954), (0.42184871435165405, 0.2713858485221863, -0.47523054480552673), (0.4106357991695404, 0.2702777087688446, -0.4747962951660156), (0.4016644060611725, 0.2695362865924835, -0.4750072956085205), (0.5239850282669067, 0.2815133333206177, -0.2847793400287628), (0.40814653038978577, 0.2862948775291443, -0.05600794404745102), (0.4704759120941162, 0.38572755455970764, -0.45681896805763245), (0.41598406434059143, 0.3813697099685669, -0.39302220940589905), (0.6382463574409485, 0.5666487216949463, -0.3959718346595764), (0.33381783962249756, 0.5393851399421692, 0.2766251266002655), (0.5852144360542297, 0.9598033428192139, -0.4312198758125305), (0.0644717738032341, 0.6773756742477417, 0.07211326062679291), (0.5172208547592163, 1.330061674118042, -0.2295130044221878), (0.26442182064056396, 0.4026329815387726, -0.2483101785182953), (0.517578661441803, 1.4544832706451416, -0.2943227291107178), (0.30966508388519287, 0.334340900182724, -0.3295781910419464), (0.48009735345840454, 1.4445574283599854, -0.3091287314891815), (0.34351783990859985, 0.3344886004924774, -0.2329261749982834), (0.475786030292511, 1.403472900390625, -0.2354145050048828), (0.3400025963783264, 0.36305543780326843, -0.23481185734272003), (0.6115881204605103, 1.327506184577942, -0.25995370745658875), (0.37781327962875366, 1.325131893157959, 0.2624872028827667), (0.6020424365997314, 1.9523049592971802, -0.3490855097770691), (0.3951544165611267, 1.9406929016113281, 0.36444392800331116), (0.590813934803009, 2.516616106033325, 0.0901179239153862), (0.38817986845970154, 2.502466917037964, 0.6408418416976929), (0.6119868755340576, 2.5958545207977295, 0.10250743478536606), (0.38670042157173157, 2.5857865810394287, 0.6623094081878662), (0.5131088495254517, 2.6827609539031982, -0.3949393928050995), (0.35965174436569214, 2.6636509895324707, 0.1673053652048111)]",Llorando
"[(0.41635245084762573, 0.256028950214386, -0.6570156812667847), (0.43800535798072815, 0.19924719631671906, -0.6041763424873352), (0.45227232575416565, 0.2005729228258133, -0.6038812398910522), (0.46600666642189026, 0.20294874906539917, -0.6041184663772583), (0.386654257774353, 0.20412501692771912, -0.6222718954086304), (0.3681648075580597, 0.20853449404239655, -0.6218966245651245), (0.3526601493358612, 0.21355389058589935, -0.6221635937690735), (0.48226332664489746, 0.23428845405578613, -0.2766682505607605), (0.32839977741241455, 0.2476971447467804, -0.3462197780609131), (0.4469464421272278, 0.31611427664756775, -0.5354903936386108), (0.3829214572906494, 0.31948480010032654, -0.5538767576217651), (0.6160029172897339, 0.5656975507736206, -0.10667524486780167), (0.22175876796245575, 0.5994794964790344, -0.3157503008842468), (0.6957305669784546, 0.9018986821174622, -0.03520076721906662), (0.10184159129858017, 0.9841715693473816, -0.2747606635093689), (0.7536450624465942, 1.2849442958831787, -0.25992050766944885), (0.028692971915006638, 1.3930054903030396, -0.5223730206489563), (0.7883102297782898, 1.3808708190917969, -0.3195939064025879), (-0.012473414652049541, 1.4979737997055054, -0.5883417725563049), (0.7534849047660828, 1.3906657695770264, -0.38610583543777466), (0.035306207835674286, 1.5164282321929932, -0.6801378130912781), (0.7338030338287354, 1.3580188751220703, -0.3009040653705597), (0.058962684124708176, 1.4779552221298218, -0.5698944330215454), (0.559899091720581, 1.3465502262115479, 0.03844721242785454), (0.2917100489139557, 1.3684866428375244, -0.03495422750711441), (0.5705440640449524, 1.975261926651001, 0.058183927088975906), (0.32159677147865295, 2.000727653503418, -0.026817629113793373), (0.5763257741928101, 2.5385446548461914, 0.5743419528007507), (0.3319312334060669, 2.5754778385162354, 0.27444881200790405), (0.5800790786743164, 2.625244140625, 0.5981766581535339), (0.32247430086135864, 2.670287847518921, 0.28468674421310425), (0.56053626537323, 2.7094409465789795, 0.15258285403251648), (0.3834835886955261, 2.73449444770813, -0.2596363425254822)]",Normal
"[(0.4806794226169586, 0.2816004157066345, -0.9176838994026184), (0.5037417411804199, 0.21663549542427063, -0.8698405027389526), (0.5195419788360596, 0.214314267039299, -0.8697196245193481), (0.5341134667396545, 0.21371611952781677, -0.8699095845222473), (0.4490981996059418, 0.22968415915966034, -0.8803406953811646), (0.4301203191280365, 0.23418323695659637, -0.8800827264785767), (0.41461610794067383, 0.2378864884376526, -0.8804141879081726), (0.5587972402572632, 0.24041806161403656, -0.51231849193573), (0.3949506878852844, 0.26985010504722595, -0.548263430595398), (0.5146805047988892, 0.3373532295227051, -0.7812958359718323), (0.4522863030433655, 0.34872111678123474, -0.7899850606918335), (0.6903351545333862, 0.5859424471855164, -0.28261566162109375), (0.29010340571403503, 0.5977514386177063, -0.42836302518844604), (0.7428430914878845, 0.9261062741279602, -0.23664644360542297), (0.1481718122959137, 0.9762808680534363, -0.3733167350292206), (0.7756375074386597, 1.3209586143493652, -0.5579695105552673), (0.04305906221270561, 1.3837623596191406, -0.6945627331733704), (0.8022778630256653, 1.4172337055206299, -0.6421934366226196), (-0.004168828949332237, 1.4937965869903564, -0.7803090810775757), (0.7657778263092041, 1.419189691543579, -0.7105885744094849), (0.04453078284859657, 1.5102990865707397, -0.879729151725769), (0.7462402582168579, 1.3866280317306519, -0.6006990671157837), (0.07132428139448166, 1.4736288785934448, -0.7466078996658325), (0.6099117994308472, 1.3559762239456177, 0.010099450126290321), (0.33581268787384033, 1.3589842319488525, -0.006865096744149923), (0.5977190732955933, 1.9915642738342285, 0.1144750714302063), (0.33391866087913513, 1.9939709901809692, 0.05043597146868706), (0.5882205367088318, 2.551342248916626, 0.7144167423248291), (0.3361172676086426, 2.5559475421905518, 0.4497400224208832), (0.5910331010818481, 2.638803720474243, 0.7471905946731567), (0.32626837491989136, 2.6425862312316895, 0.47233057022094727), (0.5558348894119263, 2.7253031730651855, 0.2621801495552063), (0.3865653872489929, 2.7299575805664062, -0.11042775958776474)]",Normal
"[(0.421375036239624, 0.24634291231632233, -0.7028459310531616), (0.45143890380859375, 0.1889093518257141, -0.6613041162490845), (0.4696407914161682, 0.18848448991775513, -0.6611039638519287), (0.48422202467918396, 0.18969228863716125, -0.6613889932632446), (0.3962106704711914, 0.1946151852607727, -0.6593968868255615), (0.3786301016807556, 0.1987137645483017, -0.6590477228164673), (0.3639015555381775, 0.2033453732728958, -0.6593216061592102), (0.5095409154891968, 0.22282643616199493, -0.3618237376213074), (0.35590335726737976, 0.2381187230348587, -0.3448888659477234), (0.4614867568016052, 0.3064228892326355, -0.593660831451416), (0.39085572957992554, 0.3118802607059479, -0.5854045152664185), (0.6643074750900269, 0.5744655728340149, -0.20127582550048828), (0.24854275584220886, 0.5955768823623657, -0.2907300591468811), (0.7556919455528259, 0.927411675453186, -0.1811525821685791), (0.11900540441274643, 0.9675464034080505, -0.24492600560188293), (0.8234254717826843, 1.3240827322006226, -0.4481363296508789), (-0.005085704382508993, 1.3537784814834595, -0.5277028679847717), (0.862060546875, 1.4232368469238281, -0.5198357105255127), (-0.05344686657190323, 1.4502387046813965, -0.5979737639427185), (0.8187522888183594, 1.4293110370635986, -0.5776540040969849), (-0.010752871632575989, 1.4610995054244995, -0.6944626569747925), (0.7964429259300232, 1.396238088607788, -0.4839105010032654), (0.016812313348054886, 1.4303478002548218, -0.5804790258407593), (0.5957066416740417, 1.372475266456604, 0.0034057435113936663), (0.3151014447212219, 1.3796031475067139, 0.0002590279036667198), (0.5853158235549927, 2.0101935863494873, 0.06393814086914062), (0.31358516216278076, 2.020233631134033, 0.04846188798546791), (0.5801873803138733, 2.579890012741089, 0.6402259469032288), (0.3200988173484802, 2.5904502868652344, 0.40784674882888794), (0.5856417417526245, 2.669599771499634, 0.6687023639678955), (0.3160625398159027, 2.6781108379364014, 0.4278833270072937), (0.5469009280204773, 2.753323793411255, 0.19816909730434418), (0.3658526837825775, 2.7694437503814697, -0.12080831825733185)]",Normal
"[(0.43546050786972046, 0.36105576157569885, -0.8062865138053894), (0.46021294593811035, 0.29930636286735535, -0.7538787126541138), (0.47723403573036194, 0.2980892062187195, -0.7537068128585815), (0.49115198850631714, 0.2982344627380371, -0.7539186477661133), (0.41043272614479065, 0.3032629191875458, -0.7691702246665955), (0.3948414921760559, 0.3046622574329376, -0.7687546014785767), (0.37955284118652344, 0.307791531085968, -0.7689632773399353), (0.509391188621521, 0.3177712857723236, -0.3989621698856354), (0.36305132508277893, 0.33100202679634094, -0.4574647843837738), (0.4664155840873718, 0.41908785700798035, -0.6747130155563354), (0.4056970179080963, 0.4251350462436676, -0.6896576881408691), (0.6236697435379028, 0.6245771050453186, -0.17973074316978455), (0.24709776043891907, 0.6454273462295532, -0.37121012806892395), (0.7126188278198242, 0.9543869495391846, -0.08648635447025299), (0.10985642671585083, 0.9866222143173218, -0.3662998080253601), (0.7911794185638428, 1.3307788372039795, -0.37642228603363037), (0.016189539805054665, 1.4007350206375122, -0.7181181311607361), (0.8336593508720398, 1.4233216047286987, -0.44802746176719666), (-0.025898421183228493, 1.502144455909729, -0.810904324054718), (0.805195689201355, 1.43938148021698, -0.5423473715782166), (0.01842467300593853, 1.515914797782898, -0.9030472040176392), (0.7790572047233582, 1.4132251739501953, -0.4324001371860504), (0.043338846415281296, 1.4843376874923706, -0.7692510485649109), (0.5633795857429504, 1.3727627992630005, 0.01625020056962967), (0.2957920432090759, 1.3892077207565308, -0.01273201871663332), (0.5661169290542603, 2.0078816413879395, 0.028490489348769188), (0.31874948740005493, 2.0250542163848877, -0.00955989956855774), (0.579153835773468, 2.5854318141937256, 0.5582795739173889), (0.32861247658729553, 2.606376886367798, 0.3200238347053528), (0.5825458765029907, 2.6710457801818848, 0.5877076983451843), (0.3147531747817993, 2.6952195167541504, 0.3370022177696228), (0.5703573822975159, 2.7561111450195312, 0.14936265349388123), (0.3913903832435608, 2.7726259231567383, -0.26311782002449036)]",Normal
"[(0.42254215478897095, 0.2832777798175812, -0.623237669467926), (0.4393080770969391, 0.23804821074008942, -0.5616543292999268), (0.4525579810142517, 0.2408604770898819, -0.5613868236541748), (0.46492496132850647, 0.24397124350070953, -0.5614289045333862), (0.3969423770904541, 0.24031688272953033, -0.5761658549308777), (0.38203421235084534, 0.24435026943683624, -0.575707733631134), (0.36830031871795654, 0.2483990341424942, -0.5760267376899719), (0.4783986508846283, 0.28145140409469604, -0.2377505600452423), (0.34756922721862793, 0.29442110657691956, -0.2985476851463318), (0.4499109387397766, 0.34032633900642395, -0.5100217461585999), (0.3919859826564789, 0.343533992767334, -0.5259784460067749), (0.6088510155677795, 0.6112488508224487, -0.1188993901014328), (0.23688092827796936, 0.6453917026519775, -0.2708812952041626), (0.6975482106208801, 0.9405713677406311, -0.13311997056007385), (0.10004733502864838, 0.9854315519332886, -0.27073174715042114), (0.791379451751709, 1.3065701723098755, -0.47523123025894165), (0.013841946609318256, 1.3676592111587524, -0.5272752046585083), (0.8379030227661133, 1.3966301679611206, -0.5541828274726868), (-0.02376437559723854, 1.466160535812378, -0.6033819913864136), (0.805130124092102, 1.4119774103164673, -0.6323413252830505), (0.017493952065706253, 1.4859801530838013, -0.6912134289741516), (0.7803676128387451, 1.3826223611831665, -0.526288628578186), (0.03595736622810364, 1.4515259265899658, -0.5778435468673706), (0.5688236951828003, 1.35811185836792, 0.013255305588245392), (0.30166110396385193, 1.3838324546813965, -0.008994229137897491), (0.5796594619750977, 1.996295690536499, -0.006022246554493904), (0.33162811398506165, 2.022899866104126, -0.0435086265206337), (0.5995290875434875, 2.569819688796997, 0.5102745294570923), (0.3526668846607208, 2.602416515350342, 0.2450469732284546), (0.6056267619132996, 2.658651113510132, 0.5331255793571472), (0.3452208936214447, 2.69315767288208, 0.25402918457984924), (0.5884413123130798, 2.7303125858306885, 0.0441557802259922), (0.4024553894996643, 2.758632183074951, -0.3191336989402771)]",Normal
"[(0.29664140939712524, 0.3927132189273834, -0.7736696004867554), (0.3135945200920105, 0.32726654410362244, -0.7701964378356934), (0.3279280364513397, 0.32037538290023804, -0.7699828743934631), (0.343864381313324, 0.31290382146835327, -0.7701196074485779), (0.2818138003349304, 0.34202396869659424, -0.7307587265968323), (0.2717902958393097, 0.3460603356361389, -0.7305212020874023), (0.26172563433647156, 0.35075220465660095, -0.7310763597488403), (0.40180158615112305, 0.3161052465438843, -0.5534325838088989), (0.28929224610328674, 0.35677534341812134, -0.3669484555721283), (0.33736926317214966, 0.4328390955924988, -0.6882305145263672), (0.3004216253757477, 0.45161834359169006, -0.6297043561935425), (0.6104830503463745, 0.5986773371696472, -0.31984230875968933), (0.2341558188199997, 0.6473580002784729, -0.28298741579055786), (0.6991195678710938, 0.9378065466880798, -0.19773563742637634), (0.08823015540838242, 0.9859030246734619, -0.18400989472866058), (0.787333071231842, 1.3072072267532349, -0.34738868474960327), (-0.0008301176130771637, 1.4002331495285034, -0.40801095962524414), (0.8249085545539856, 1.3965473175048828, -0.38560137152671814), (-0.03163762390613556, 1.5128730535507202, -0.4656309187412262), (0.7985533475875854, 1.4111552238464355, -0.4580110013484955), (0.011732338927686214, 1.5297658443450928, -0.5541271567344666), (0.7763276696205139, 1.3813769817352295, -0.38617992401123047), (0.030362794175744057, 1.493505597114563, -0.45749497413635254), (0.5840483903884888, 1.3782662153244019, -0.03740301355719566), (0.3106258511543274, 1.4015991687774658, 0.04141346365213394), (0.6051679849624634, 2.015010118484497, -0.023304922506213188), (0.34638291597366333, 2.0313775539398193, 0.03492296114563942), (0.6398431062698364, 2.586857318878174, 0.5485239028930664), (0.38686317205429077, 2.614288091659546, 0.3716089129447937), (0.6562276482582092, 2.671680450439453, 0.5784212350845337), (0.3864421844482422, 2.700918674468994, 0.38953256607055664), (0.6037100553512573, 2.7572293281555176, 0.062440358102321625), (0.43385958671569824, 2.7850441932678223, -0.1963784098625183)]",Normal
"[(0.483682781457901, 0.406758576631546, -0.7940852642059326), (0.5018447637557983, 0.34411412477493286, -0.7397477626800537), (0.5133039355278015, 0.3444553017616272, -0.7395530343055725), (0.5244938135147095, 0.3454799950122833, -0.7397782802581787), (0.4588591456413269, 0.3470696210861206, -0.7778370976448059), (0.43828660249710083, 0.3493870794773102, -0.7773683667182922), (0.4197178781032562, 0.3507458567619324, -0.7775806188583374), (0.5217238068580627, 0.3599247336387634, -0.3641529977321625), (0.3785554766654968, 0.36391502618789673, -0.5422199964523315), (0.49334248900413513, 0.4622754454612732, -0.6548275947570801), (0.44764208793640137, 0.4671071171760559, -0.701796293258667), (0.5972141027450562, 0.6260139346122742, -0.12850341200828552), (0.23137183487415314, 0.6514837741851807, -0.4601445198059082), (0.6917333602905273, 0.9519832134246826, 0.04417061805725098), (0.09390594810247421, 1.0054861307144165, -0.5090987682342529), (0.8052971959114075, 1.3175841569900513, -0.19063228368759155), (0.012581278569996357, 1.4506694078445435, -0.821276068687439), (0.8632299304008484, 1.4034730195999146, -0.24872490763664246), (-0.0312347449362278, 1.557651162147522, -0.9094257354736328), (0.8452709913253784, 1.4233193397521973, -0.3494894802570343), (0.016144325956702232, 1.5693401098251343, -1.0037968158721924), (0.8100970387458801, 1.4076063632965088, -0.24926798045635223), (0.0416053831577301, 1.5372090339660645, -0.8703473806381226), (0.5426816940307617, 1.3794351816177368, 0.049322403967380524), (0.2895178198814392, 1.4003331661224365, -0.045602865517139435), (0.5523390173912048, 2.017483711242676, 0.02969026193022728), (0.3114120066165924, 2.037637710571289, -0.09859545528888702), (0.5584601759910583, 2.5963308811187744, 0.4966614842414856), (0.3170505464076996, 2.626037359237671, 0.1327783465385437), (0.5551056861877441, 2.6811423301696777, 0.5132907032966614), (0.2976731061935425, 2.7175779342651367, 0.13693967461585999), (0.5620148777961731, 2.7651965618133545, 0.07671766728162766), (0.3849054276943207, 2.7861084938049316, -0.44715967774391174)]",Normal
"[(0.587617814540863, 0.34728050231933594, -0.7944905757904053), (0.5987098217010498, 0.296936959028244, -0.7170976400375366), (0.6058943271636963, 0.30092403292655945, -0.7170764207839966), (0.6136036515235901, 0.30513495206832886, -0.7171295285224915), (0.5653855800628662, 0.2868339419364929, -0.7945302128791809), (0.5493100881576538, 0.2840365767478943, -0.794460117816925), (0.5319702625274658, 0.2818061113357544, -0.7948988676071167), (0.6017855405807495, 0.3323672413825989, -0.2976197600364685), (0.48181381821632385, 0.30510184168815613, -0.6365535259246826), (0.5887251496315002, 0.4052780270576477, -0.6403031349182129), (0.5489931702613831, 0.40163567662239075, -0.7367062568664551), (0.6305228471755981, 0.6383122205734253, -0.014141405001282692), (0.2943330705165863, 0.6192062497138977, -0.6027568578720093), (0.7053588032722473, 0.963391125202179, 0.15271733701229095), (0.1348811388015747, 0.9878352284431458, -0.6521579623222351), (0.7844551801681519, 1.3378268480300903, -0.2068222016096115), (0.04231388121843338, 1.388936996459961, -0.9461745023727417), (0.8220266103744507, 1.4349817037582397, -0.2774227559566498), (0.0017236277926713228, 1.4941341876983643, -1.0476884841918945), (0.7969334721565247, 1.446384072303772, -0.38788849115371704), (0.045408252626657486, 1.5111000537872314, -1.1427356004714966), (0.7709828019142151, 1.4226511716842651, -0.2705661654472351), (0.06633429229259491, 1.479974389076233, -0.9929577708244324), (0.5594243407249451, 1.3949030637741089, 0.1303938627243042), (0.3150149881839752, 1.4003204107284546, -0.12713338434696198), (0.5527414083480835, 2.035252571105957, 0.17115429043769836), (0.3248561918735504, 2.050658941268921, -0.11945222318172455), (0.5409528017044067, 2.618159294128418, 0.7438708543777466), (0.3087327182292938, 2.638427257537842, 0.2702016532421112), (0.5256703495979309, 2.7117037773132324, 0.7699097394943237), (0.26964467763900757, 2.7336387634277344, 0.2854693830013275), (0.5948949456214905, 2.7679078578948975, 0.3014530837535858), (0.41909122467041016, 2.784496307373047, -0.3428250849246979)]",Normal
